payee_name,amount

DEEPAK CHOUDHARY,ity Lakh Twe Five Th,�10.LACS
DEEPAK CHOUDHARY,ity Lakh Twe Five Th,�10.LACS
DEEPAK CHOUDHARY,ity Lakh Twe Five Th,�10.LACS
,,
,,
,One Cr,
,,
,,
,,
,,
,,
,,
,,
,,
,,
,,
,,
,,
,,
,,
,,
,,
,,
,,
Sample Payee Company,,
Sample Payee Company,One Crore Twenty Three Lacs Forty Five   Thousand Six Hundred Seventy Eight Rupee Only,
Sample Payee Company,One Crore Twenty Three Lacs Forty Five   Thousand Six Hundred Seventy Eight Rupee Only
,
,
,
Sample Payee Company,One Crore Twenty Three Lacs Forty Five   Thousand Six Hundred Seventy Eight Rupee Only
Sample Payee Company,One Crore Twenty Three Lacs Forty Five   Thousand Six Hundred Seventy Eight Rupee Only
Sample Payee Company,One Crore Twenty Three Lacs Forty Five   Thousand Six Hundred Seventy Eight Rupee Only
Sample Payee Company,One Crore Twenty Three Lacs Forty Five   Thousand Six Hundred Seventy Eight Rupee Only
Sample Payee Company,One Crore Twenty Three Lacs Forty Five   Thousand Six Hundred Seventy Eight Rupee Only
Sample Payee Company,One Crore Twenty Three Lacs Forty Five   Thousand Six Hundred Seventy Eight Rupee Only
Sample Payee Company,One Crore Twenty Three Lacs Forty Five   Thousand Six Hundred Seventy Eight Rupee Only
Sample Payee Company,One Crore Twenty Three Lacs Forty Five   Thousand Six Hundred Seventy Eight Rupee Only
Sample Payee Company,One Crore Twenty Three Lacs Forty Five   Thousand Six Hundred Seventy Eight Rupee Only
Sample Payee Company,One Crore Twenty Three Lacs Forty Five   Thousand Six Hundred Seventy Eight Rupee Only
Sample Payee Company,One Crore Twenty Three Lacs Forty Five   Thousand Six Hundred Seventy Eight Rupee Only
